feature,importance_mean,importance_std
worst symmetry,0.011882716049382713,0.0027375058651645232
worst texture,0.011849647266313912,0.005547336957927833
worst concavity,0.00929232804232804,0.0026446068809754
worst concave points,0.0036816578483245006,0.0019371521385550226
mean concave points,0.0034722222222222025,0.0024772175388125513
mean concavity,0.00335097001763666,0.0019946321933452535
worst radius,0.0020392416225749463,0.0023384459781926503
worst area,0.0015432098765431833,0.0020815537410194263
radius error,0.0014550264550264166,0.002430949199667867
worst perimeter,0.0013007054673721023,0.0017287380881935968
texture error,0.0011904761904761492,0.0008563899735253544
worst smoothness,0.0008597883597883419,0.0007899679394695211
concave points error,0.0008156966490299511,0.0013438933557432292
worst fractal dimension,0.0006062610229277084,0.0002711281718749793
mean smoothness,0.0005621693121692954,0.0009082384063101546
area error,0.0002645502645502229,0.0016028413341528684
perimeter error,5.511463844793211e-05,0.0015204050070693998
mean perimeter,4.409171075835383e-05,0.0008654226819395934
mean area,3.306878306875704e-05,0.0010222836908828398
mean radius,-1.102292768962269e-05,0.0009055588359144727
symmetry error,-0.0002645502645502932,0.0007655976787559607
smoothness error,-0.0002976190476190725,0.0006409431992992243
compactness error,-0.00030864197530865444,0.0018151385108011232
mean fractal dimension,-0.00038580246913580234,0.00029680141132795034
mean symmetry,-0.0007605820105820227,0.0005985967364367266
mean texture,-0.00076058201058203,0.0016691275119583432
concavity error,-0.000771604938271601,0.000334341950795923
fractal dimension error,-0.0008156966490299844,0.0014806873553974307
worst compactness,-0.0015321869488536088,0.0004790854015013445
mean compactness,-0.001785714285714309,0.000953084934797941
